Round,Accuracy
1,93.59605911330048
2,90.64039408866995
3,93.10344827586206
4,93.10344827586206
5,93.10344827586206
