Round,Accuracy
1,0.6502463054187192
2,0.7241379310344828
3,0.270935960591133
4,0.729064039408867
5,0.729064039408867
6,0.7241379310344828
7,0.729064039408867
8,0.729064039408867
9,0.7635467980295566
10,0.729064039408867
